STRUCTURE,STRUCTURE_ID,STRUCTURE_NAME,freq,Frequency,Country,REPORTER,partner,PARTNER,product,PRODUCT,flow,FLOW,indicators,INDICATORS,Time,TIME_PERIOD,OBS_VALUE,Observation Value,OBS_VALUE_Lagged1
dataflow,ESTAT:DS-059331(1.0),International trade of EU and non-EU countries  since 2002 by SITC,M,Monthly,AT,Austria,INT_EU27_2020,Intra-EU27 (from 2020),TOTAL,TOTAL,2,EXPORT,VALUE_EUR,VALUE_EUR,2024-11,,0.03337039882702087,,
dataflow,ESTAT:DS-059331(1.0),International trade of EU and non-EU countries  since 2002 by SITC,M,Monthly,AT,Austria,INT_EU27_2020,Intra-EU27 (from 2020),TOTAL,TOTAL,2,EXPORT,VALUE_EUR,VALUE_EUR,2024-12,,0.031708768908309294,,0.03337039882702087
dataflow,ESTAT:DS-059331(1.0),International trade of EU and non-EU countries  since 2002 by SITC,M,Monthly,AT,Austria,INT_EU27_2020,Intra-EU27 (from 2020),TOTAL,TOTAL,2,EXPORT,VALUE_EUR,VALUE_EUR,2025-01,,0.03288613039213294,,0.031708768908309294
dataflow,ESTAT:DS-059331(1.0),International trade of EU and non-EU countries  since 2002 by SITC,M,Monthly,AT,Austria,INT_EU27_2020,Intra-EU27 (from 2020),TOTAL,TOTAL,2,EXPORT,VALUE_EUR,VALUE_EUR,2025-02,,0.032962704873714936,,0.03288613039213294
dataflow,ESTAT:DS-059331(1.0),International trade of EU and non-EU countries  since 2002 by SITC,M,Monthly,AT,Austria,INT_EU27_2020,Intra-EU27 (from 2020),TOTAL,TOTAL,2,EXPORT,VALUE_EUR,VALUE_EUR,2025-03,,0.03366999409385459,,0.032962704873714936
dataflow,ESTAT:DS-059331(1.0),International trade of EU and non-EU countries  since 2002 by SITC,M,Monthly,AT,Austria,INT_EU27_2020,Intra-EU27 (from 2020),TOTAL,TOTAL,2,EXPORT,VALUE_EUR,VALUE_EUR,2025-04,,0.033197840780242564,,0.03366999409385459
dataflow,ESTAT:DS-059331(1.0),International trade of EU and non-EU countries  since 2002 by SITC,M,Monthly,AT,Austria,INT_EU27_2020,Intra-EU27 (from 2020),TOTAL,TOTAL,2,EXPORT,VALUE_EUR,VALUE_EUR,2025-05,,0.03232843642436624,,0.033197840780242564
dataflow,ESTAT:DS-059331(1.0),International trade of EU and non-EU countries  since 2002 by SITC,M,Monthly,AT,Austria,INT_EU27_2020,Intra-EU27 (from 2020),TOTAL,TOTAL,2,EXPORT,VALUE_EUR,VALUE_EUR,2025-06,,0.03153999034051108,,0.03232843642436624
dataflow,ESTAT:DS-059331(1.0),International trade of EU and non-EU countries  since 2002 by SITC,M,Monthly,AT,Austria,INT_EU27_2020,Intra-EU27 (from 2020),TOTAL,TOTAL,2,EXPORT,VALUE_EUR,VALUE_EUR,2025-07,,0.033114137459617464,,0.03153999034051108
dataflow,ESTAT:DS-059331(1.0),International trade of EU and non-EU countries  since 2002 by SITC,M,Monthly,BE,Belgium (incl. Luxembourg 'LU' -> 1998),INT_EU27_2020,Intra-EU27 (from 2020),TOTAL,TOTAL,2,EXPORT,VALUE_EUR,VALUE_EUR,2024-11,,0.08104030557994522,,
dataflow,ESTAT:DS-059331(1.0),International trade of EU and non-EU countries  since 2002 by SITC,M,Monthly,BE,Belgium (incl. Luxembourg 'LU' -> 1998),INT_EU27_2020,Intra-EU27 (from 2020),TOTAL,TOTAL,2,EXPORT,VALUE_EUR,VALUE_EUR,2024-12,,0.08653978175362396,,0.08104030557994522
dataflow,ESTAT:DS-059331(1.0),International trade of EU and non-EU countries  since 2002 by SITC,M,Monthly,BE,Belgium (incl. Luxembourg 'LU' -> 1998),INT_EU27_2020,Intra-EU27 (from 2020),TOTAL,TOTAL,2,EXPORT,VALUE_EUR,VALUE_EUR,2025-01,,0.0850416621844743,,0.08653978175362396
dataflow,ESTAT:DS-059331(1.0),International trade of EU and non-EU countries  since 2002 by SITC,M,Monthly,BE,Belgium (incl. Luxembourg 'LU' -> 1998),INT_EU27_2020,Intra-EU27 (from 2020),TOTAL,TOTAL,2,EXPORT,VALUE_EUR,VALUE_EUR,2025-02,,0.0839623722850692,,0.0850416621844743
dataflow,ESTAT:DS-059331(1.0),International trade of EU and non-EU countries  since 2002 by SITC,M,Monthly,BE,Belgium (incl. Luxembourg 'LU' -> 1998),INT_EU27_2020,Intra-EU27 (from 2020),TOTAL,TOTAL,2,EXPORT,VALUE_EUR,VALUE_EUR,2025-03,,0.08460506716404949,,0.0839623722850692
dataflow,ESTAT:DS-059331(1.0),International trade of EU and non-EU countries  since 2002 by SITC,M,Monthly,BE,Belgium (incl. Luxembourg 'LU' -> 1998),INT_EU27_2020,Intra-EU27 (from 2020),TOTAL,TOTAL,2,EXPORT,VALUE_EUR,VALUE_EUR,2025-04,,0.08660499358097119,,0.08460506716404949
dataflow,ESTAT:DS-059331(1.0),International trade of EU and non-EU countries  since 2002 by SITC,M,Monthly,BE,Belgium (incl. Luxembourg 'LU' -> 1998),INT_EU27_2020,Intra-EU27 (from 2020),TOTAL,TOTAL,2,EXPORT,VALUE_EUR,VALUE_EUR,2025-05,,0.08401365657158989,,0.08660499358097119
dataflow,ESTAT:DS-059331(1.0),International trade of EU and non-EU countries  since 2002 by SITC,M,Monthly,BE,Belgium (incl. Luxembourg 'LU' -> 1998),INT_EU27_2020,Intra-EU27 (from 2020),TOTAL,TOTAL,2,EXPORT,VALUE_EUR,VALUE_EUR,2025-06,,0.08724370292283774,,0.08401365657158989
dataflow,ESTAT:DS-059331(1.0),International trade of EU and non-EU countries  since 2002 by SITC,M,Monthly,BE,Belgium (incl. Luxembourg 'LU' -> 1998),INT_EU27_2020,Intra-EU27 (from 2020),TOTAL,TOTAL,2,EXPORT,VALUE_EUR,VALUE_EUR,2025-07,,0.08347117505717484,,0.08724370292283774
dataflow,ESTAT:DS-059331(1.0),International trade of EU and non-EU countries  since 2002 by SITC,M,Monthly,BG,Bulgaria,INT_EU27_2020,Intra-EU27 (from 2020),TOTAL,TOTAL,2,EXPORT,VALUE_EUR,VALUE_EUR,2024-11,,0.006838205646920988,,
dataflow,ESTAT:DS-059331(1.0),International trade of EU and non-EU countries  since 2002 by SITC,M,Monthly,BG,Bulgaria,INT_EU27_2020,Intra-EU27 (from 2020),TOTAL,TOTAL,2,EXPORT,VALUE_EUR,VALUE_EUR,2024-12,,0.006498999012638199,,0.006838205646920988
dataflow,ESTAT:DS-059331(1.0),International trade of EU and non-EU countries  since 2002 by SITC,M,Monthly,BG,Bulgaria,INT_EU27_2020,Intra-EU27 (from 2020),TOTAL,TOTAL,2,EXPORT,VALUE_EUR,VALUE_EUR,2025-01,,0.0066511116059547815,,0.006498999012638199
dataflow,ESTAT:DS-059331(1.0),International trade of EU and non-EU countries  since 2002 by SITC,M,Monthly,BG,Bulgaria,INT_EU27_2020,Intra-EU27 (from 2020),TOTAL,TOTAL,2,EXPORT,VALUE_EUR,VALUE_EUR,2025-02,,0.006598371722398248,,0.0066511116059547815
dataflow,ESTAT:DS-059331(1.0),International trade of EU and non-EU countries  since 2002 by SITC,M,Monthly,BG,Bulgaria,INT_EU27_2020,Intra-EU27 (from 2020),TOTAL,TOTAL,2,EXPORT,VALUE_EUR,VALUE_EUR,2025-03,,0.006475766101346327,,0.006598371722398248
dataflow,ESTAT:DS-059331(1.0),International trade of EU and non-EU countries  since 2002 by SITC,M,Monthly,BG,Bulgaria,INT_EU27_2020,Intra-EU27 (from 2020),TOTAL,TOTAL,2,EXPORT,VALUE_EUR,VALUE_EUR,2025-04,,0.006486501291311531,,0.006475766101346327
dataflow,ESTAT:DS-059331(1.0),International trade of EU and non-EU countries  since 2002 by SITC,M,Monthly,BG,Bulgaria,INT_EU27_2020,Intra-EU27 (from 2020),TOTAL,TOTAL,2,EXPORT,VALUE_EUR,VALUE_EUR,2025-05,,0.006316643726332899,,0.006486501291311531
dataflow,ESTAT:DS-059331(1.0),International trade of EU and non-EU countries  since 2002 by SITC,M,Monthly,BG,Bulgaria,INT_EU27_2020,Intra-EU27 (from 2020),TOTAL,TOTAL,2,EXPORT,VALUE_EUR,VALUE_EUR,2025-06,,0.006703412836580719,,0.006316643726332899
dataflow,ESTAT:DS-059331(1.0),International trade of EU and non-EU countries  since 2002 by SITC,M,Monthly,BG,Bulgaria,INT_EU27_2020,Intra-EU27 (from 2020),TOTAL,TOTAL,2,EXPORT,VALUE_EUR,VALUE_EUR,2025-07,,0.0060891864634209335,,0.006703412836580719
dataflow,ESTAT:DS-059331(1.0),International trade of EU and non-EU countries  since 2002 by SITC,M,Monthly,CY,Cyprus,INT_EU27_2020,Intra-EU27 (from 2020),TOTAL,TOTAL,2,EXPORT,VALUE_EUR,VALUE_EUR,2024-11,,0.0002226647944028297,,
dataflow,ESTAT:DS-059331(1.0),International trade of EU and non-EU countries  since 2002 by SITC,M,Monthly,CY,Cyprus,INT_EU27_2020,Intra-EU27 (from 2020),TOTAL,TOTAL,2,EXPORT,VALUE_EUR,VALUE_EUR,2024-12,,0.0002971438663086223,,0.0002226647944028297
dataflow,ESTAT:DS-059331(1.0),International trade of EU and non-EU countries  since 2002 by SITC,M,Monthly,CY,Cyprus,INT_EU27_2020,Intra-EU27 (from 2020),TOTAL,TOTAL,2,EXPORT,VALUE_EUR,VALUE_EUR,2025-01,,0.00023927785075220643,,0.0002971438663086223
dataflow,ESTAT:DS-059331(1.0),International trade of EU and non-EU countries  since 2002 by SITC,M,Monthly,CY,Cyprus,INT_EU27_2020,Intra-EU27 (from 2020),TOTAL,TOTAL,2,EXPORT,VALUE_EUR,VALUE_EUR,2025-02,,0.00036437084215653275,,0.00023927785075220643
dataflow,ESTAT:DS-059331(1.0),International trade of EU and non-EU countries  since 2002 by SITC,M,Monthly,CY,Cyprus,INT_EU27_2020,Intra-EU27 (from 2020),TOTAL,TOTAL,2,EXPORT,VALUE_EUR,VALUE_EUR,2025-03,,0.00028896789381012113,,0.00036437084215653275
dataflow,ESTAT:DS-059331(1.0),International trade of EU and non-EU countries  since 2002 by SITC,M,Monthly,CY,Cyprus,INT_EU27_2020,Intra-EU27 (from 2020),TOTAL,TOTAL,2,EXPORT,VALUE_EUR,VALUE_EUR,2025-04,,0.00030513309499007594,,0.00028896789381012113
dataflow,ESTAT:DS-059331(1.0),International trade of EU and non-EU countries  since 2002 by SITC,M,Monthly,CY,Cyprus,INT_EU27_2020,Intra-EU27 (from 2020),TOTAL,TOTAL,2,EXPORT,VALUE_EUR,VALUE_EUR,2025-05,,0.00032614541632721946,,0.00030513309499007594
dataflow,ESTAT:DS-059331(1.0),International trade of EU and non-EU countries  since 2002 by SITC,M,Monthly,CY,Cyprus,INT_EU27_2020,Intra-EU27 (from 2020),TOTAL,TOTAL,2,EXPORT,VALUE_EUR,VALUE_EUR,2025-06,,0.0004193841854885638,,0.00032614541632721946
dataflow,ESTAT:DS-059331(1.0),International trade of EU and non-EU countries  since 2002 by SITC,M,Monthly,CY,Cyprus,INT_EU27_2020,Intra-EU27 (from 2020),TOTAL,TOTAL,2,EXPORT,VALUE_EUR,VALUE_EUR,2025-07,,0.00048565553271295294,,0.0004193841854885638
dataflow,ESTAT:DS-059331(1.0),International trade of EU and non-EU countries  since 2002 by SITC,M,Monthly,CZ,Czechia,INT_EU27_2020,Intra-EU27 (from 2020),TOTAL,TOTAL,2,EXPORT,VALUE_EUR,VALUE_EUR,2024-11,,0.05143499020242775,,
dataflow,ESTAT:DS-059331(1.0),International trade of EU and non-EU countries  since 2002 by SITC,M,Monthly,CZ,Czechia,INT_EU27_2020,Intra-EU27 (from 2020),TOTAL,TOTAL,2,EXPORT,VALUE_EUR,VALUE_EUR,2024-12,,0.047764337744499764,,0.05143499020242775
dataflow,ESTAT:DS-059331(1.0),International trade of EU and non-EU countries  since 2002 by SITC,M,Monthly,CZ,Czechia,INT_EU27_2020,Intra-EU27 (from 2020),TOTAL,TOTAL,2,EXPORT,VALUE_EUR,VALUE_EUR,2025-01,,0.048660552371044975,,0.047764337744499764
dataflow,ESTAT:DS-059331(1.0),International trade of EU and non-EU countries  since 2002 by SITC,M,Monthly,CZ,Czechia,INT_EU27_2020,Intra-EU27 (from 2020),TOTAL,TOTAL,2,EXPORT,VALUE_EUR,VALUE_EUR,2025-02,,0.04722800107476697,,0.048660552371044975
dataflow,ESTAT:DS-059331(1.0),International trade of EU and non-EU countries  since 2002 by SITC,M,Monthly,CZ,Czechia,INT_EU27_2020,Intra-EU27 (from 2020),TOTAL,TOTAL,2,EXPORT,VALUE_EUR,VALUE_EUR,2025-03,,0.04778464889788979,,0.04722800107476697
dataflow,ESTAT:DS-059331(1.0),International trade of EU and non-EU countries  since 2002 by SITC,M,Monthly,CZ,Czechia,INT_EU27_2020,Intra-EU27 (from 2020),TOTAL,TOTAL,2,EXPORT,VALUE_EUR,VALUE_EUR,2025-04,,0.04778621198871298,,0.04778464889788979
dataflow,ESTAT:DS-059331(1.0),International trade of EU and non-EU countries  since 2002 by SITC,M,Monthly,CZ,Czechia,INT_EU27_2020,Intra-EU27 (from 2020),TOTAL,TOTAL,2,EXPORT,VALUE_EUR,VALUE_EUR,2025-05,,0.0458286656457296,,0.04778621198871298
dataflow,ESTAT:DS-059331(1.0),International trade of EU and non-EU countries  since 2002 by SITC,M,Monthly,CZ,Czechia,INT_EU27_2020,Intra-EU27 (from 2020),TOTAL,TOTAL,2,EXPORT,VALUE_EUR,VALUE_EUR,2025-06,,0.04682475757392204,,0.0458286656457296
dataflow,ESTAT:DS-059331(1.0),International trade of EU and non-EU countries  since 2002 by SITC,M,Monthly,CZ,Czechia,INT_EU27_2020,Intra-EU27 (from 2020),TOTAL,TOTAL,2,EXPORT,VALUE_EUR,VALUE_EUR,2025-07,,0.045823793453207626,,0.04682475757392204
dataflow,ESTAT:DS-059331(1.0),International trade of EU and non-EU countries  since 2002 by SITC,M,Monthly,DE,Germany (incl. German Democratic Republic 'DD' from 1991),INT_EU27_2020,Intra-EU27 (from 2020),TOTAL,TOTAL,2,EXPORT,VALUE_EUR,VALUE_EUR,2024-11,,0.2041660399864204,,
dataflow,ESTAT:DS-059331(1.0),International trade of EU and non-EU countries  since 2002 by SITC,M,Monthly,DE,Germany (incl. German Democratic Republic 'DD' from 1991),INT_EU27_2020,Intra-EU27 (from 2020),TOTAL,TOTAL,2,EXPORT,VALUE_EUR,VALUE_EUR,2024-12,,0.20147667260054034,,0.2041660399864204
dataflow,ESTAT:DS-059331(1.0),International trade of EU and non-EU countries  since 2002 by SITC,M,Monthly,DE,Germany (incl. German Democratic Republic 'DD' from 1991),INT_EU27_2020,Intra-EU27 (from 2020),TOTAL,TOTAL,2,EXPORT,VALUE_EUR,VALUE_EUR,2025-01,,0.20648823631516708,,0.20147667260054034
dataflow,ESTAT:DS-059331(1.0),International trade of EU and non-EU countries  since 2002 by SITC,M,Monthly,DE,Germany (incl. German Democratic Republic 'DD' from 1991),INT_EU27_2020,Intra-EU27 (from 2020),TOTAL,TOTAL,2,EXPORT,VALUE_EUR,VALUE_EUR,2025-02,,0.20812027627388513,,0.20648823631516708
dataflow,ESTAT:DS-059331(1.0),International trade of EU and non-EU countries  since 2002 by SITC,M,Monthly,DE,Germany (incl. German Democratic Republic 'DD' from 1991),INT_EU27_2020,Intra-EU27 (from 2020),TOTAL,TOTAL,2,EXPORT,VALUE_EUR,VALUE_EUR,2025-03,,0.2125430841981182,,0.20812027627388513
dataflow,ESTAT:DS-059331(1.0),International trade of EU and non-EU countries  since 2002 by SITC,M,Monthly,DE,Germany (incl. German Democratic Republic 'DD' from 1991),INT_EU27_2020,Intra-EU27 (from 2020),TOTAL,TOTAL,2,EXPORT,VALUE_EUR,VALUE_EUR,2025-04,,0.21179717147726754,,0.2125430841981182
dataflow,ESTAT:DS-059331(1.0),International trade of EU and non-EU countries  since 2002 by SITC,M,Monthly,DE,Germany (incl. German Democratic Republic 'DD' from 1991),INT_EU27_2020,Intra-EU27 (from 2020),TOTAL,TOTAL,2,EXPORT,VALUE_EUR,VALUE_EUR,2025-05,,0.20930643114042538,,0.21179717147726754
dataflow,ESTAT:DS-059331(1.0),International trade of EU and non-EU countries  since 2002 by SITC,M,Monthly,DE,Germany (incl. German Democratic Republic 'DD' from 1991),INT_EU27_2020,Intra-EU27 (from 2020),TOTAL,TOTAL,2,EXPORT,VALUE_EUR,VALUE_EUR,2025-06,,0.20994414822582844,,0.20930643114042538
dataflow,ESTAT:DS-059331(1.0),International trade of EU and non-EU countries  since 2002 by SITC,M,Monthly,DE,Germany (incl. German Democratic Republic 'DD' from 1991),INT_EU27_2020,Intra-EU27 (from 2020),TOTAL,TOTAL,2,EXPORT,VALUE_EUR,VALUE_EUR,2025-07,,0.21472919657198547,,0.20994414822582844
dataflow,ESTAT:DS-059331(1.0),International trade of EU and non-EU countries  since 2002 by SITC,M,Monthly,DK,Denmark,INT_EU27_2020,Intra-EU27 (from 2020),TOTAL,TOTAL,2,EXPORT,VALUE_EUR,VALUE_EUR,2024-11,,0.0166798214109556,,
dataflow,ESTAT:DS-059331(1.0),International trade of EU and non-EU countries  since 2002 by SITC,M,Monthly,DK,Denmark,INT_EU27_2020,Intra-EU27 (from 2020),TOTAL,TOTAL,2,EXPORT,VALUE_EUR,VALUE_EUR,2024-12,,0.01674451147044051,,0.0166798214109556
dataflow,ESTAT:DS-059331(1.0),International trade of EU and non-EU countries  since 2002 by SITC,M,Monthly,DK,Denmark,INT_EU27_2020,Intra-EU27 (from 2020),TOTAL,TOTAL,2,EXPORT,VALUE_EUR,VALUE_EUR,2025-01,,0.017445965208193123,,0.01674451147044051
dataflow,ESTAT:DS-059331(1.0),International trade of EU and non-EU countries  since 2002 by SITC,M,Monthly,DK,Denmark,INT_EU27_2020,Intra-EU27 (from 2020),TOTAL,TOTAL,2,EXPORT,VALUE_EUR,VALUE_EUR,2025-02,,0.01714328587960173,,0.017445965208193123
dataflow,ESTAT:DS-059331(1.0),International trade of EU and non-EU countries  since 2002 by SITC,M,Monthly,DK,Denmark,INT_EU27_2020,Intra-EU27 (from 2020),TOTAL,TOTAL,2,EXPORT,VALUE_EUR,VALUE_EUR,2025-03,,0.01683807020992369,,0.01714328587960173
dataflow,ESTAT:DS-059331(1.0),International trade of EU and non-EU countries  since 2002 by SITC,M,Monthly,DK,Denmark,INT_EU27_2020,Intra-EU27 (from 2020),TOTAL,TOTAL,2,EXPORT,VALUE_EUR,VALUE_EUR,2025-04,,0.016755778612082224,,0.01683807020992369
dataflow,ESTAT:DS-059331(1.0),International trade of EU and non-EU countries  since 2002 by SITC,M,Monthly,DK,Denmark,INT_EU27_2020,Intra-EU27 (from 2020),TOTAL,TOTAL,2,EXPORT,VALUE_EUR,VALUE_EUR,2025-05,,0.016630524326664137,,0.016755778612082224
dataflow,ESTAT:DS-059331(1.0),International trade of EU and non-EU countries  since 2002 by SITC,M,Monthly,DK,Denmark,INT_EU27_2020,Intra-EU27 (from 2020),TOTAL,TOTAL,2,EXPORT,VALUE_EUR,VALUE_EUR,2025-06,,0.01719775530073053,,0.016630524326664137
dataflow,ESTAT:DS-059331(1.0),International trade of EU and non-EU countries  since 2002 by SITC,M,Monthly,DK,Denmark,INT_EU27_2020,Intra-EU27 (from 2020),TOTAL,TOTAL,2,EXPORT,VALUE_EUR,VALUE_EUR,2025-07,,0.016522146305662778,,0.01719775530073053
dataflow,ESTAT:DS-059331(1.0),International trade of EU and non-EU countries  since 2002 by SITC,M,Monthly,EE,Estonia,INT_EU27_2020,Intra-EU27 (from 2020),TOTAL,TOTAL,2,EXPORT,VALUE_EUR,VALUE_EUR,2024-11,,0.0033179390822470583,,
dataflow,ESTAT:DS-059331(1.0),International trade of EU and non-EU countries  since 2002 by SITC,M,Monthly,EE,Estonia,INT_EU27_2020,Intra-EU27 (from 2020),TOTAL,TOTAL,2,EXPORT,VALUE_EUR,VALUE_EUR,2024-12,,0.003290130386055995,,0.0033179390822470583
dataflow,ESTAT:DS-059331(1.0),International trade of EU and non-EU countries  since 2002 by SITC,M,Monthly,EE,Estonia,INT_EU27_2020,Intra-EU27 (from 2020),TOTAL,TOTAL,2,EXPORT,VALUE_EUR,VALUE_EUR,2025-01,,0.003208447563447325,,0.003290130386055995
dataflow,ESTAT:DS-059331(1.0),International trade of EU and non-EU countries  since 2002 by SITC,M,Monthly,EE,Estonia,INT_EU27_2020,Intra-EU27 (from 2020),TOTAL,TOTAL,2,EXPORT,VALUE_EUR,VALUE_EUR,2025-02,,0.003240697256413472,,0.003208447563447325
dataflow,ESTAT:DS-059331(1.0),International trade of EU and non-EU countries  since 2002 by SITC,M,Monthly,EE,Estonia,INT_EU27_2020,Intra-EU27 (from 2020),TOTAL,TOTAL,2,EXPORT,VALUE_EUR,VALUE_EUR,2025-03,,0.003367562163897436,,0.003240697256413472
dataflow,ESTAT:DS-059331(1.0),International trade of EU and non-EU countries  since 2002 by SITC,M,Monthly,EE,Estonia,INT_EU27_2020,Intra-EU27 (from 2020),TOTAL,TOTAL,2,EXPORT,VALUE_EUR,VALUE_EUR,2025-04,,0.003464156989859628,,0.003367562163897436
dataflow,ESTAT:DS-059331(1.0),International trade of EU and non-EU countries  since 2002 by SITC,M,Monthly,EE,Estonia,INT_EU27_2020,Intra-EU27 (from 2020),TOTAL,TOTAL,2,EXPORT,VALUE_EUR,VALUE_EUR,2025-05,,0.0034056172843716266,,0.003464156989859628
dataflow,ESTAT:DS-059331(1.0),International trade of EU and non-EU countries  since 2002 by SITC,M,Monthly,EE,Estonia,INT_EU27_2020,Intra-EU27 (from 2020),TOTAL,TOTAL,2,EXPORT,VALUE_EUR,VALUE_EUR,2025-06,,0.0030648144734701267,,0.0034056172843716266
dataflow,ESTAT:DS-059331(1.0),International trade of EU and non-EU countries  since 2002 by SITC,M,Monthly,EE,Estonia,INT_EU27_2020,Intra-EU27 (from 2020),TOTAL,TOTAL,2,EXPORT,VALUE_EUR,VALUE_EUR,2025-07,,0.0030518731680983413,,0.0030648144734701267
dataflow,ESTAT:DS-059331(1.0),International trade of EU and non-EU countries  since 2002 by SITC,M,Monthly,EE,Estonia,INT_EU27_2020,Intra-EU27 (from 2020),TOTAL,TOTAL,2,EXPORT,VALUE_EUR,VALUE_EUR,2025-08,,0.02762087168365574,,0.0030518731680983413
dataflow,ESTAT:DS-059331(1.0),International trade of EU and non-EU countries  since 2002 by SITC,M,Monthly,ES,Spain (incl. Canary Islands 'XB' from 1997),INT_EU27_2020,Intra-EU27 (from 2020),TOTAL,TOTAL,2,EXPORT,VALUE_EUR,VALUE_EUR,2024-11,,0.058181648335554934,,
dataflow,ESTAT:DS-059331(1.0),International trade of EU and non-EU countries  since 2002 by SITC,M,Monthly,ES,Spain (incl. Canary Islands 'XB' from 1997),INT_EU27_2020,Intra-EU27 (from 2020),TOTAL,TOTAL,2,EXPORT,VALUE_EUR,VALUE_EUR,2024-12,,0.06222764155392552,,0.058181648335554934
dataflow,ESTAT:DS-059331(1.0),International trade of EU and non-EU countries  since 2002 by SITC,M,Monthly,ES,Spain (incl. Canary Islands 'XB' from 1997),INT_EU27_2020,Intra-EU27 (from 2020),TOTAL,TOTAL,2,EXPORT,VALUE_EUR,VALUE_EUR,2025-01,,0.059318923275331746,,0.06222764155392552
dataflow,ESTAT:DS-059331(1.0),International trade of EU and non-EU countries  since 2002 by SITC,M,Monthly,ES,Spain (incl. Canary Islands 'XB' from 1997),INT_EU27_2020,Intra-EU27 (from 2020),TOTAL,TOTAL,2,EXPORT,VALUE_EUR,VALUE_EUR,2025-02,,0.059953064929551686,,0.059318923275331746
dataflow,ESTAT:DS-059331(1.0),International trade of EU and non-EU countries  since 2002 by SITC,M,Monthly,ES,Spain (incl. Canary Islands 'XB' from 1997),INT_EU27_2020,Intra-EU27 (from 2020),TOTAL,TOTAL,2,EXPORT,VALUE_EUR,VALUE_EUR,2025-03,,0.05986442923042898,,0.059953064929551686
dataflow,ESTAT:DS-059331(1.0),International trade of EU and non-EU countries  since 2002 by SITC,M,Monthly,ES,Spain (incl. Canary Islands 'XB' from 1997),INT_EU27_2020,Intra-EU27 (from 2020),TOTAL,TOTAL,2,EXPORT,VALUE_EUR,VALUE_EUR,2025-04,,0.05858567853675081,,0.05986442923042898
dataflow,ESTAT:DS-059331(1.0),International trade of EU and non-EU countries  since 2002 by SITC,M,Monthly,ES,Spain (incl. Canary Islands 'XB' from 1997),INT_EU27_2020,Intra-EU27 (from 2020),TOTAL,TOTAL,2,EXPORT,VALUE_EUR,VALUE_EUR,2025-05,,0.06550176455553007,,0.05858567853675081
dataflow,ESTAT:DS-059331(1.0),International trade of EU and non-EU countries  since 2002 by SITC,M,Monthly,ES,Spain (incl. Canary Islands 'XB' from 1997),INT_EU27_2020,Intra-EU27 (from 2020),TOTAL,TOTAL,2,EXPORT,VALUE_EUR,VALUE_EUR,2025-06,,0.06034533339846344,,0.06550176455553007
dataflow,ESTAT:DS-059331(1.0),International trade of EU and non-EU countries  since 2002 by SITC,M,Monthly,ES,Spain (incl. Canary Islands 'XB' from 1997),INT_EU27_2020,Intra-EU27 (from 2020),TOTAL,TOTAL,2,EXPORT,VALUE_EUR,VALUE_EUR,2025-07,,0.06090407867677739,,0.06034533339846344
dataflow,ESTAT:DS-059331(1.0),International trade of EU and non-EU countries  since 2002 by SITC,M,Monthly,ES,Spain (incl. Canary Islands 'XB' from 1997),INT_EU27_2020,Intra-EU27 (from 2020),TOTAL,TOTAL,2,EXPORT,VALUE_EUR,VALUE_EUR,2025-08,,0.37635802513412814,,0.06090407867677739
dataflow,ESTAT:DS-059331(1.0),International trade of EU and non-EU countries  since 2002 by SITC,M,Monthly,FI,Finland,INT_EU27_2020,Intra-EU27 (from 2020),TOTAL,TOTAL,2,EXPORT,VALUE_EUR,VALUE_EUR,2024-11,,0.01017208841787495,,
dataflow,ESTAT:DS-059331(1.0),International trade of EU and non-EU countries  since 2002 by SITC,M,Monthly,FI,Finland,INT_EU27_2020,Intra-EU27 (from 2020),TOTAL,TOTAL,2,EXPORT,VALUE_EUR,VALUE_EUR,2024-12,,0.011796432108170047,,0.01017208841787495
dataflow,ESTAT:DS-059331(1.0),International trade of EU and non-EU countries  since 2002 by SITC,M,Monthly,FI,Finland,INT_EU27_2020,Intra-EU27 (from 2020),TOTAL,TOTAL,2,EXPORT,VALUE_EUR,VALUE_EUR,2025-01,,0.009829242052573595,,0.011796432108170047
dataflow,ESTAT:DS-059331(1.0),International trade of EU and non-EU countries  since 2002 by SITC,M,Monthly,FI,Finland,INT_EU27_2020,Intra-EU27 (from 2020),TOTAL,TOTAL,2,EXPORT,VALUE_EUR,VALUE_EUR,2025-02,,0.00983590563629483,,0.009829242052573595
dataflow,ESTAT:DS-059331(1.0),International trade of EU and non-EU countries  since 2002 by SITC,M,Monthly,FI,Finland,INT_EU27_2020,Intra-EU27 (from 2020),TOTAL,TOTAL,2,EXPORT,VALUE_EUR,VALUE_EUR,2025-03,,0.010406816865498287,,0.00983590563629483
dataflow,ESTAT:DS-059331(1.0),International trade of EU and non-EU countries  since 2002 by SITC,M,Monthly,FI,Finland,INT_EU27_2020,Intra-EU27 (from 2020),TOTAL,TOTAL,2,EXPORT,VALUE_EUR,VALUE_EUR,2025-04,,0.010629063914675838,,0.010406816865498287
dataflow,ESTAT:DS-059331(1.0),International trade of EU and non-EU countries  since 2002 by SITC,M,Monthly,FI,Finland,INT_EU27_2020,Intra-EU27 (from 2020),TOTAL,TOTAL,2,EXPORT,VALUE_EUR,VALUE_EUR,2025-05,,0.010314846320630419,,0.010629063914675838
dataflow,ESTAT:DS-059331(1.0),International trade of EU and non-EU countries  since 2002 by SITC,M,Monthly,FI,Finland,INT_EU27_2020,Intra-EU27 (from 2020),TOTAL,TOTAL,2,EXPORT,VALUE_EUR,VALUE_EUR,2025-06,,0.010053000788599803,,0.010314846320630419
dataflow,ESTAT:DS-059331(1.0),International trade of EU and non-EU countries  since 2002 by SITC,M,Monthly,FI,Finland,INT_EU27_2020,Intra-EU27 (from 2020),TOTAL,TOTAL,2,EXPORT,VALUE_EUR,VALUE_EUR,2025-07,,0.008967351082541866,,0.010053000788599803
dataflow,ESTAT:DS-059331(1.0),International trade of EU and non-EU countries  since 2002 by SITC,M,Monthly,FR,"France (incl. Saint Barthélemy 'BL' -> 2012; incl. French Guiana 'GF', Guadeloupe 'GP', Martinique 'MQ', Réunion 'RE' from 1997; incl. Mayotte 'YT' from 2014)",INT_EU27_2020,Intra-EU27 (from 2020),TOTAL,TOTAL,2,EXPORT,VALUE_EUR,VALUE_EUR,2024-11,,0.07811298749097682,,
dataflow,ESTAT:DS-059331(1.0),International trade of EU and non-EU countries  since 2002 by SITC,M,Monthly,FR,"France (incl. Saint Barthélemy 'BL' -> 2012; incl. French Guiana 'GF', Guadeloupe 'GP', Martinique 'MQ', Réunion 'RE' from 1997; incl. Mayotte 'YT' from 2014)",INT_EU27_2020,Intra-EU27 (from 2020),TOTAL,TOTAL,2,EXPORT,VALUE_EUR,VALUE_EUR,2024-12,,0.08433177970647592,,0.07811298749097682
dataflow,ESTAT:DS-059331(1.0),International trade of EU and non-EU countries  since 2002 by SITC,M,Monthly,FR,"France (incl. Saint Barthélemy 'BL' -> 2012; incl. French Guiana 'GF', Guadeloupe 'GP', Martinique 'MQ', Réunion 'RE' from 1997; incl. Mayotte 'YT' from 2014)",INT_EU27_2020,Intra-EU27 (from 2020),TOTAL,TOTAL,2,EXPORT,VALUE_EUR,VALUE_EUR,2025-01,,0.07846730122732447,,0.08433177970647592
dataflow,ESTAT:DS-059331(1.0),International trade of EU and non-EU countries  since 2002 by SITC,M,Monthly,FR,"France (incl. Saint Barthélemy 'BL' -> 2012; incl. French Guiana 'GF', Guadeloupe 'GP', Martinique 'MQ', Réunion 'RE' from 1997; incl. Mayotte 'YT' from 2014)",INT_EU27_2020,Intra-EU27 (from 2020),TOTAL,TOTAL,2,EXPORT,VALUE_EUR,VALUE_EUR,2025-02,,0.07647567737143984,,0.07846730122732447
dataflow,ESTAT:DS-059331(1.0),International trade of EU and non-EU countries  since 2002 by SITC,M,Monthly,FR,"France (incl. Saint Barthélemy 'BL' -> 2012; incl. French Guiana 'GF', Guadeloupe 'GP', Martinique 'MQ', Réunion 'RE' from 1997; incl. Mayotte 'YT' from 2014)",INT_EU27_2020,Intra-EU27 (from 2020),TOTAL,TOTAL,2,EXPORT,VALUE_EUR,VALUE_EUR,2025-03,,0.07759654849298088,,0.07647567737143984
dataflow,ESTAT:DS-059331(1.0),International trade of EU and non-EU countries  since 2002 by SITC,M,Monthly,FR,"France (incl. Saint Barthélemy 'BL' -> 2012; incl. French Guiana 'GF', Guadeloupe 'GP', Martinique 'MQ', Réunion 'RE' from 1997; incl. Mayotte 'YT' from 2014)",INT_EU27_2020,Intra-EU27 (from 2020),TOTAL,TOTAL,2,EXPORT,VALUE_EUR,VALUE_EUR,2025-04,,0.07600659940211714,,0.07759654849298088
dataflow,ESTAT:DS-059331(1.0),International trade of EU and non-EU countries  since 2002 by SITC,M,Monthly,FR,"France (incl. Saint Barthélemy 'BL' -> 2012; incl. French Guiana 'GF', Guadeloupe 'GP', Martinique 'MQ', Réunion 'RE' from 1997; incl. Mayotte 'YT' from 2014)",INT_EU27_2020,Intra-EU27 (from 2020),TOTAL,TOTAL,2,EXPORT,VALUE_EUR,VALUE_EUR,2025-05,,0.0751886940110573,,0.07600659940211714
dataflow,ESTAT:DS-059331(1.0),International trade of EU and non-EU countries  since 2002 by SITC,M,Monthly,FR,"France (incl. Saint Barthélemy 'BL' -> 2012; incl. French Guiana 'GF', Guadeloupe 'GP', Martinique 'MQ', Réunion 'RE' from 1997; incl. Mayotte 'YT' from 2014)",INT_EU27_2020,Intra-EU27 (from 2020),TOTAL,TOTAL,2,EXPORT,VALUE_EUR,VALUE_EUR,2025-06,,0.0812463791949687,,0.0751886940110573
dataflow,ESTAT:DS-059331(1.0),International trade of EU and non-EU countries  since 2002 by SITC,M,Monthly,FR,"France (incl. Saint Barthélemy 'BL' -> 2012; incl. French Guiana 'GF', Guadeloupe 'GP', Martinique 'MQ', Réunion 'RE' from 1997; incl. Mayotte 'YT' from 2014)",INT_EU27_2020,Intra-EU27 (from 2020),TOTAL,TOTAL,2,EXPORT,VALUE_EUR,VALUE_EUR,2025-07,,0.08064936962490006,,0.0812463791949687
dataflow,ESTAT:DS-059331(1.0),International trade of EU and non-EU countries  since 2002 by SITC,M,Monthly,GR,Greece,INT_EU27_2020,Intra-EU27 (from 2020),TOTAL,TOTAL,2,EXPORT,VALUE_EUR,VALUE_EUR,2024-11,,0.0067193375965494805,,
dataflow,ESTAT:DS-059331(1.0),International trade of EU and non-EU countries  since 2002 by SITC,M,Monthly,GR,Greece,INT_EU27_2020,Intra-EU27 (from 2020),TOTAL,TOTAL,2,EXPORT,VALUE_EUR,VALUE_EUR,2024-12,,0.007150057044747614,,0.0067193375965494805
dataflow,ESTAT:DS-059331(1.0),International trade of EU and non-EU countries  since 2002 by SITC,M,Monthly,GR,Greece,INT_EU27_2020,Intra-EU27 (from 2020),TOTAL,TOTAL,2,EXPORT,VALUE_EUR,VALUE_EUR,2025-01,,0.0066504371541633665,,0.007150057044747614
dataflow,ESTAT:DS-059331(1.0),International trade of EU and non-EU countries  since 2002 by SITC,M,Monthly,GR,Greece,INT_EU27_2020,Intra-EU27 (from 2020),TOTAL,TOTAL,2,EXPORT,VALUE_EUR,VALUE_EUR,2025-02,,0.006933589819688127,,0.0066504371541633665
dataflow,ESTAT:DS-059331(1.0),International trade of EU and non-EU countries  since 2002 by SITC,M,Monthly,GR,Greece,INT_EU27_2020,Intra-EU27 (from 2020),TOTAL,TOTAL,2,EXPORT,VALUE_EUR,VALUE_EUR,2025-03,,0.0062588739669926135,,0.006933589819688127
dataflow,ESTAT:DS-059331(1.0),International trade of EU and non-EU countries  since 2002 by SITC,M,Monthly,GR,Greece,INT_EU27_2020,Intra-EU27 (from 2020),TOTAL,TOTAL,2,EXPORT,VALUE_EUR,VALUE_EUR,2025-04,,0.0067474988061406276,,0.0062588739669926135
dataflow,ESTAT:DS-059331(1.0),International trade of EU and non-EU countries  since 2002 by SITC,M,Monthly,GR,Greece,INT_EU27_2020,Intra-EU27 (from 2020),TOTAL,TOTAL,2,EXPORT,VALUE_EUR,VALUE_EUR,2025-05,,0.007005571742110524,,0.0067474988061406276
dataflow,ESTAT:DS-059331(1.0),International trade of EU and non-EU countries  since 2002 by SITC,M,Monthly,GR,Greece,INT_EU27_2020,Intra-EU27 (from 2020),TOTAL,TOTAL,2,EXPORT,VALUE_EUR,VALUE_EUR,2025-06,,0.006617796617434099,,0.007005571742110524
dataflow,ESTAT:DS-059331(1.0),International trade of EU and non-EU countries  since 2002 by SITC,M,Monthly,GR,Greece,INT_EU27_2020,Intra-EU27 (from 2020),TOTAL,TOTAL,2,EXPORT,VALUE_EUR,VALUE_EUR,2025-07,,0.007264117496096722,,0.006617796617434099
dataflow,ESTAT:DS-059331(1.0),International trade of EU and non-EU countries  since 2002 by SITC,M,Monthly,GR,Greece,INT_EU27_2020,Intra-EU27 (from 2020),TOTAL,TOTAL,2,EXPORT,VALUE_EUR,VALUE_EUR,2025-08,,0.04503711079308495,,0.007264117496096722
dataflow,ESTAT:DS-059331(1.0),International trade of EU and non-EU countries  since 2002 by SITC,M,Monthly,HR,Croatia,INT_EU27_2020,Intra-EU27 (from 2020),TOTAL,TOTAL,2,EXPORT,VALUE_EUR,VALUE_EUR,2024-11,,0.004112412395553103,,
dataflow,ESTAT:DS-059331(1.0),International trade of EU and non-EU countries  since 2002 by SITC,M,Monthly,HR,Croatia,INT_EU27_2020,Intra-EU27 (from 2020),TOTAL,TOTAL,2,EXPORT,VALUE_EUR,VALUE_EUR,2024-12,,0.00421652374798026,,0.004112412395553103
dataflow,ESTAT:DS-059331(1.0),International trade of EU and non-EU countries  since 2002 by SITC,M,Monthly,HR,Croatia,INT_EU27_2020,Intra-EU27 (from 2020),TOTAL,TOTAL,2,EXPORT,VALUE_EUR,VALUE_EUR,2025-01,,0.003843198779207166,,0.00421652374798026
dataflow,ESTAT:DS-059331(1.0),International trade of EU and non-EU countries  since 2002 by SITC,M,Monthly,HR,Croatia,INT_EU27_2020,Intra-EU27 (from 2020),TOTAL,TOTAL,2,EXPORT,VALUE_EUR,VALUE_EUR,2025-02,,0.003953666584624269,,0.003843198779207166
dataflow,ESTAT:DS-059331(1.0),International trade of EU and non-EU countries  since 2002 by SITC,M,Monthly,HR,Croatia,INT_EU27_2020,Intra-EU27 (from 2020),TOTAL,TOTAL,2,EXPORT,VALUE_EUR,VALUE_EUR,2025-03,,0.003970186656413523,,0.003953666584624269
dataflow,ESTAT:DS-059331(1.0),International trade of EU and non-EU countries  since 2002 by SITC,M,Monthly,HR,Croatia,INT_EU27_2020,Intra-EU27 (from 2020),TOTAL,TOTAL,2,EXPORT,VALUE_EUR,VALUE_EUR,2025-04,,0.003917475543282223,,0.003970186656413523
dataflow,ESTAT:DS-059331(1.0),International trade of EU and non-EU countries  since 2002 by SITC,M,Monthly,HR,Croatia,INT_EU27_2020,Intra-EU27 (from 2020),TOTAL,TOTAL,2,EXPORT,VALUE_EUR,VALUE_EUR,2025-05,,0.004155513431966696,,0.003917475543282223
dataflow,ESTAT:DS-059331(1.0),International trade of EU and non-EU countries  since 2002 by SITC,M,Monthly,HR,Croatia,INT_EU27_2020,Intra-EU27 (from 2020),TOTAL,TOTAL,2,EXPORT,VALUE_EUR,VALUE_EUR,2025-06,,0.00405158560779324,,0.004155513431966696
dataflow,ESTAT:DS-059331(1.0),International trade of EU and non-EU countries  since 2002 by SITC,M,Monthly,HR,Croatia,INT_EU27_2020,Intra-EU27 (from 2020),TOTAL,TOTAL,2,EXPORT,VALUE_EUR,VALUE_EUR,2025-07,,0.004114631148446892,,0.00405158560779324
dataflow,ESTAT:DS-059331(1.0),International trade of EU and non-EU countries  since 2002 by SITC,M,Monthly,HU,Hungary,INT_EU27_2020,Intra-EU27 (from 2020),TOTAL,TOTAL,2,EXPORT,VALUE_EUR,VALUE_EUR,2024-11,,0.028552727570180784,,
dataflow,ESTAT:DS-059331(1.0),International trade of EU and non-EU countries  since 2002 by SITC,M,Monthly,HU,Hungary,INT_EU27_2020,Intra-EU27 (from 2020),TOTAL,TOTAL,2,EXPORT,VALUE_EUR,VALUE_EUR,2024-12,,0.026058782032499134,,0.028552727570180784
dataflow,ESTAT:DS-059331(1.0),International trade of EU and non-EU countries  since 2002 by SITC,M,Monthly,HU,Hungary,INT_EU27_2020,Intra-EU27 (from 2020),TOTAL,TOTAL,2,EXPORT,VALUE_EUR,VALUE_EUR,2025-01,,0.027467739390007597,,0.026058782032499134
dataflow,ESTAT:DS-059331(1.0),International trade of EU and non-EU countries  since 2002 by SITC,M,Monthly,HU,Hungary,INT_EU27_2020,Intra-EU27 (from 2020),TOTAL,TOTAL,2,EXPORT,VALUE_EUR,VALUE_EUR,2025-02,,0.028461301364418736,,0.027467739390007597
dataflow,ESTAT:DS-059331(1.0),International trade of EU and non-EU countries  since 2002 by SITC,M,Monthly,HU,Hungary,INT_EU27_2020,Intra-EU27 (from 2020),TOTAL,TOTAL,2,EXPORT,VALUE_EUR,VALUE_EUR,2025-03,,0.028530533322241772,,0.028461301364418736
dataflow,ESTAT:DS-059331(1.0),International trade of EU and non-EU countries  since 2002 by SITC,M,Monthly,HU,Hungary,INT_EU27_2020,Intra-EU27 (from 2020),TOTAL,TOTAL,2,EXPORT,VALUE_EUR,VALUE_EUR,2025-04,,0.027346024045106956,,0.028530533322241772
dataflow,ESTAT:DS-059331(1.0),International trade of EU and non-EU countries  since 2002 by SITC,M,Monthly,HU,Hungary,INT_EU27_2020,Intra-EU27 (from 2020),TOTAL,TOTAL,2,EXPORT,VALUE_EUR,VALUE_EUR,2025-05,,0.027534077042589637,,0.027346024045106956
dataflow,ESTAT:DS-059331(1.0),International trade of EU and non-EU countries  since 2002 by SITC,M,Monthly,HU,Hungary,INT_EU27_2020,Intra-EU27 (from 2020),TOTAL,TOTAL,2,EXPORT,VALUE_EUR,VALUE_EUR,2025-06,,0.02732290663564249,,0.027534077042589637
dataflow,ESTAT:DS-059331(1.0),International trade of EU and non-EU countries  since 2002 by SITC,M,Monthly,HU,Hungary,INT_EU27_2020,Intra-EU27 (from 2020),TOTAL,TOTAL,2,EXPORT,VALUE_EUR,VALUE_EUR,2025-07,,0.02635143652202138,,0.02732290663564249
dataflow,ESTAT:DS-059331(1.0),International trade of EU and non-EU countries  since 2002 by SITC,M,Monthly,HU,Hungary,INT_EU27_2020,Intra-EU27 (from 2020),TOTAL,TOTAL,2,EXPORT,VALUE_EUR,VALUE_EUR,2025-08,,0.1944516995792525,,0.02635143652202138
dataflow,ESTAT:DS-059331(1.0),International trade of EU and non-EU countries  since 2002 by SITC,M,Monthly,IE,Ireland (Eire),INT_EU27_2020,Intra-EU27 (from 2020),TOTAL,TOTAL,2,EXPORT,VALUE_EUR,VALUE_EUR,2024-11,,0.021654954228461594,,
dataflow,ESTAT:DS-059331(1.0),International trade of EU and non-EU countries  since 2002 by SITC,M,Monthly,IE,Ireland (Eire),INT_EU27_2020,Intra-EU27 (from 2020),TOTAL,TOTAL,2,EXPORT,VALUE_EUR,VALUE_EUR,2024-12,,0.01941836209259508,,0.021654954228461594
dataflow,ESTAT:DS-059331(1.0),International trade of EU and non-EU countries  since 2002 by SITC,M,Monthly,IE,Ireland (Eire),INT_EU27_2020,Intra-EU27 (from 2020),TOTAL,TOTAL,2,EXPORT,VALUE_EUR,VALUE_EUR,2025-01,,0.023106018192968973,,0.01941836209259508
dataflow,ESTAT:DS-059331(1.0),International trade of EU and non-EU countries  since 2002 by SITC,M,Monthly,IE,Ireland (Eire),INT_EU27_2020,Intra-EU27 (from 2020),TOTAL,TOTAL,2,EXPORT,VALUE_EUR,VALUE_EUR,2025-02,,0.021431701856016432,,0.023106018192968973
dataflow,ESTAT:DS-059331(1.0),International trade of EU and non-EU countries  since 2002 by SITC,M,Monthly,IE,Ireland (Eire),INT_EU27_2020,Intra-EU27 (from 2020),TOTAL,TOTAL,2,EXPORT,VALUE_EUR,VALUE_EUR,2025-03,,0.017969035112632866,,0.021431701856016432
dataflow,ESTAT:DS-059331(1.0),International trade of EU and non-EU countries  since 2002 by SITC,M,Monthly,IE,Ireland (Eire),INT_EU27_2020,Intra-EU27 (from 2020),TOTAL,TOTAL,2,EXPORT,VALUE_EUR,VALUE_EUR,2025-04,,0.020819912239726554,,0.017969035112632866
dataflow,ESTAT:DS-059331(1.0),International trade of EU and non-EU countries  since 2002 by SITC,M,Monthly,IE,Ireland (Eire),INT_EU27_2020,Intra-EU27 (from 2020),TOTAL,TOTAL,2,EXPORT,VALUE_EUR,VALUE_EUR,2025-05,,0.02126987697670702,,0.020819912239726554
dataflow,ESTAT:DS-059331(1.0),International trade of EU and non-EU countries  since 2002 by SITC,M,Monthly,IE,Ireland (Eire),INT_EU27_2020,Intra-EU27 (from 2020),TOTAL,TOTAL,2,EXPORT,VALUE_EUR,VALUE_EUR,2025-06,,0.022355258594852795,,0.02126987697670702
dataflow,ESTAT:DS-059331(1.0),International trade of EU and non-EU countries  since 2002 by SITC,M,Monthly,IE,Ireland (Eire),INT_EU27_2020,Intra-EU27 (from 2020),TOTAL,TOTAL,2,EXPORT,VALUE_EUR,VALUE_EUR,2025-07,,0.020770990523437134,,0.022355258594852795
dataflow,ESTAT:DS-059331(1.0),International trade of EU and non-EU countries  since 2002 by SITC,M,Monthly,IE,Ireland (Eire),INT_EU27_2020,Intra-EU27 (from 2020),TOTAL,TOTAL,2,EXPORT,VALUE_EUR,VALUE_EUR,2025-08,,0.19272803760062046,,0.020770990523437134
dataflow,ESTAT:DS-059331(1.0),International trade of EU and non-EU countries  since 2002 by SITC,M,Monthly,IT,Italy (incl. San Marino 'SM' -> 1993),INT_EU27_2020,Intra-EU27 (from 2020),TOTAL,TOTAL,2,EXPORT,VALUE_EUR,VALUE_EUR,2024-11,,0.07689948758335449,,
dataflow,ESTAT:DS-059331(1.0),International trade of EU and non-EU countries  since 2002 by SITC,M,Monthly,IT,Italy (incl. San Marino 'SM' -> 1993),INT_EU27_2020,Intra-EU27 (from 2020),TOTAL,TOTAL,2,EXPORT,VALUE_EUR,VALUE_EUR,2024-12,,0.07681040047529315,,0.07689948758335449
dataflow,ESTAT:DS-059331(1.0),International trade of EU and non-EU countries  since 2002 by SITC,M,Monthly,IT,Italy (incl. San Marino 'SM' -> 1993),INT_EU27_2020,Intra-EU27 (from 2020),TOTAL,TOTAL,2,EXPORT,VALUE_EUR,VALUE_EUR,2025-01,,0.07706338536648775,,0.07681040047529315
dataflow,ESTAT:DS-059331(1.0),International trade of EU and non-EU countries  since 2002 by SITC,M,Monthly,IT,Italy (incl. San Marino 'SM' -> 1993),INT_EU27_2020,Intra-EU27 (from 2020),TOTAL,TOTAL,2,EXPORT,VALUE_EUR,VALUE_EUR,2025-02,,0.08437393089511185,,0.07706338536648775
dataflow,ESTAT:DS-059331(1.0),International trade of EU and non-EU countries  since 2002 by SITC,M,Monthly,IT,Italy (incl. San Marino 'SM' -> 1993),INT_EU27_2020,Intra-EU27 (from 2020),TOTAL,TOTAL,2,EXPORT,VALUE_EUR,VALUE_EUR,2025-03,,0.08011732155890562,,0.08437393089511185
dataflow,ESTAT:DS-059331(1.0),International trade of EU and non-EU countries  since 2002 by SITC,M,Monthly,IT,Italy (incl. San Marino 'SM' -> 1993),INT_EU27_2020,Intra-EU27 (from 2020),TOTAL,TOTAL,2,EXPORT,VALUE_EUR,VALUE_EUR,2025-04,,0.08067460796302128,,0.08011732155890562
dataflow,ESTAT:DS-059331(1.0),International trade of EU and non-EU countries  since 2002 by SITC,M,Monthly,IT,Italy (incl. San Marino 'SM' -> 1993),INT_EU27_2020,Intra-EU27 (from 2020),TOTAL,TOTAL,2,EXPORT,VALUE_EUR,VALUE_EUR,2025-05,,0.08367601049178199,,0.08067460796302128
dataflow,ESTAT:DS-059331(1.0),International trade of EU and non-EU countries  since 2002 by SITC,M,Monthly,IT,Italy (incl. San Marino 'SM' -> 1993),INT_EU27_2020,Intra-EU27 (from 2020),TOTAL,TOTAL,2,EXPORT,VALUE_EUR,VALUE_EUR,2025-06,,0.08052050236518161,,0.08367601049178199
dataflow,ESTAT:DS-059331(1.0),International trade of EU and non-EU countries  since 2002 by SITC,M,Monthly,IT,Italy (incl. San Marino 'SM' -> 1993),INT_EU27_2020,Intra-EU27 (from 2020),TOTAL,TOTAL,2,EXPORT,VALUE_EUR,VALUE_EUR,2025-07,,0.08809531443959434,,0.08052050236518161
dataflow,ESTAT:DS-059331(1.0),International trade of EU and non-EU countries  since 2002 by SITC,M,Monthly,LT,Lithuania,INT_EU27_2020,Intra-EU27 (from 2020),TOTAL,TOTAL,2,EXPORT,VALUE_EUR,VALUE_EUR,2024-11,,0.005974090560466162,,
dataflow,ESTAT:DS-059331(1.0),International trade of EU and non-EU countries  since 2002 by SITC,M,Monthly,LT,Lithuania,INT_EU27_2020,Intra-EU27 (from 2020),TOTAL,TOTAL,2,EXPORT,VALUE_EUR,VALUE_EUR,2024-12,,0.005958071561008191,,0.005974090560466162
dataflow,ESTAT:DS-059331(1.0),International trade of EU and non-EU countries  since 2002 by SITC,M,Monthly,LT,Lithuania,INT_EU27_2020,Intra-EU27 (from 2020),TOTAL,TOTAL,2,EXPORT,VALUE_EUR,VALUE_EUR,2025-01,,0.006159306846842392,,0.005958071561008191
dataflow,ESTAT:DS-059331(1.0),International trade of EU and non-EU countries  since 2002 by SITC,M,Monthly,LT,Lithuania,INT_EU27_2020,Intra-EU27 (from 2020),TOTAL,TOTAL,2,EXPORT,VALUE_EUR,VALUE_EUR,2025-02,,0.005918523092974917,,0.006159306846842392
dataflow,ESTAT:DS-059331(1.0),International trade of EU and non-EU countries  since 2002 by SITC,M,Monthly,LT,Lithuania,INT_EU27_2020,Intra-EU27 (from 2020),TOTAL,TOTAL,2,EXPORT,VALUE_EUR,VALUE_EUR,2025-03,,0.0060505790459073625,,0.005918523092974917
dataflow,ESTAT:DS-059331(1.0),International trade of EU and non-EU countries  since 2002 by SITC,M,Monthly,LT,Lithuania,INT_EU27_2020,Intra-EU27 (from 2020),TOTAL,TOTAL,2,EXPORT,VALUE_EUR,VALUE_EUR,2025-04,,0.005963342090071618,,0.0060505790459073625
dataflow,ESTAT:DS-059331(1.0),International trade of EU and non-EU countries  since 2002 by SITC,M,Monthly,LT,Lithuania,INT_EU27_2020,Intra-EU27 (from 2020),TOTAL,TOTAL,2,EXPORT,VALUE_EUR,VALUE_EUR,2025-05,,0.006012909177646562,,0.005963342090071618
dataflow,ESTAT:DS-059331(1.0),International trade of EU and non-EU countries  since 2002 by SITC,M,Monthly,LT,Lithuania,INT_EU27_2020,Intra-EU27 (from 2020),TOTAL,TOTAL,2,EXPORT,VALUE_EUR,VALUE_EUR,2025-06,,0.00612953017279558,,0.006012909177646562
dataflow,ESTAT:DS-059331(1.0),International trade of EU and non-EU countries  since 2002 by SITC,M,Monthly,LT,Lithuania,INT_EU27_2020,Intra-EU27 (from 2020),TOTAL,TOTAL,2,EXPORT,VALUE_EUR,VALUE_EUR,2025-07,,0.005846690632427696,,0.00612953017279558
dataflow,ESTAT:DS-059331(1.0),International trade of EU and non-EU countries  since 2002 by SITC,M,Monthly,LT,Lithuania,INT_EU27_2020,Intra-EU27 (from 2020),TOTAL,TOTAL,2,EXPORT,VALUE_EUR,VALUE_EUR,2025-08,,0.05238655406152436,,0.005846690632427696
dataflow,ESTAT:DS-059331(1.0),International trade of EU and non-EU countries  since 2002 by SITC,M,Monthly,LU,Luxembourg,INT_EU27_2020,Intra-EU27 (from 2020),TOTAL,TOTAL,2,EXPORT,VALUE_EUR,VALUE_EUR,2024-11,,0.0028855589759250785,,
dataflow,ESTAT:DS-059331(1.0),International trade of EU and non-EU countries  since 2002 by SITC,M,Monthly,LU,Luxembourg,INT_EU27_2020,Intra-EU27 (from 2020),TOTAL,TOTAL,2,EXPORT,VALUE_EUR,VALUE_EUR,2024-12,,0.0029392827460209413,,0.0028855589759250785
dataflow,ESTAT:DS-059331(1.0),International trade of EU and non-EU countries  since 2002 by SITC,M,Monthly,LU,Luxembourg,INT_EU27_2020,Intra-EU27 (from 2020),TOTAL,TOTAL,2,EXPORT,VALUE_EUR,VALUE_EUR,2025-01,,0.0029406188134000993,,0.0029392827460209413
dataflow,ESTAT:DS-059331(1.0),International trade of EU and non-EU countries  since 2002 by SITC,M,Monthly,LU,Luxembourg,INT_EU27_2020,Intra-EU27 (from 2020),TOTAL,TOTAL,2,EXPORT,VALUE_EUR,VALUE_EUR,2025-02,,0.002995501155691884,,0.0029406188134000993
dataflow,ESTAT:DS-059331(1.0),International trade of EU and non-EU countries  since 2002 by SITC,M,Monthly,LU,Luxembourg,INT_EU27_2020,Intra-EU27 (from 2020),TOTAL,TOTAL,2,EXPORT,VALUE_EUR,VALUE_EUR,2025-03,,0.0030752072799943653,,0.002995501155691884
dataflow,ESTAT:DS-059331(1.0),International trade of EU and non-EU countries  since 2002 by SITC,M,Monthly,LU,Luxembourg,INT_EU27_2020,Intra-EU27 (from 2020),TOTAL,TOTAL,2,EXPORT,VALUE_EUR,VALUE_EUR,2025-04,,0.0032054738448526027,,0.0030752072799943653
dataflow,ESTAT:DS-059331(1.0),International trade of EU and non-EU countries  since 2002 by SITC,M,Monthly,LU,Luxembourg,INT_EU27_2020,Intra-EU27 (from 2020),TOTAL,TOTAL,2,EXPORT,VALUE_EUR,VALUE_EUR,2025-05,,0.003104139764544642,,0.0032054738448526027
dataflow,ESTAT:DS-059331(1.0),International trade of EU and non-EU countries  since 2002 by SITC,M,Monthly,LU,Luxembourg,INT_EU27_2020,Intra-EU27 (from 2020),TOTAL,TOTAL,2,EXPORT,VALUE_EUR,VALUE_EUR,2025-06,,0.003095204144352573,,0.003104139764544642
dataflow,ESTAT:DS-059331(1.0),International trade of EU and non-EU countries  since 2002 by SITC,M,Monthly,LU,Luxembourg,INT_EU27_2020,Intra-EU27 (from 2020),TOTAL,TOTAL,2,EXPORT,VALUE_EUR,VALUE_EUR,2025-07,,0.0032019954335351284,,0.003095204144352573
dataflow,ESTAT:DS-059331(1.0),International trade of EU and non-EU countries  since 2002 by SITC,M,Monthly,LV,Latvia,INT_EU27_2020,Intra-EU27 (from 2020),TOTAL,TOTAL,2,EXPORT,VALUE_EUR,VALUE_EUR,2024-11,,0.0032106069144796027,,
dataflow,ESTAT:DS-059331(1.0),International trade of EU and non-EU countries  since 2002 by SITC,M,Monthly,LV,Latvia,INT_EU27_2020,Intra-EU27 (from 2020),TOTAL,TOTAL,2,EXPORT,VALUE_EUR,VALUE_EUR,2024-12,,0.0034166031841140385,,0.0032106069144796027
dataflow,ESTAT:DS-059331(1.0),International trade of EU and non-EU countries  since 2002 by SITC,M,Monthly,LV,Latvia,INT_EU27_2020,Intra-EU27 (from 2020),TOTAL,TOTAL,2,EXPORT,VALUE_EUR,VALUE_EUR,2025-01,,0.0034243613160227604,,0.0034166031841140385
dataflow,ESTAT:DS-059331(1.0),International trade of EU and non-EU countries  since 2002 by SITC,M,Monthly,LV,Latvia,INT_EU27_2020,Intra-EU27 (from 2020),TOTAL,TOTAL,2,EXPORT,VALUE_EUR,VALUE_EUR,2025-02,,0.003401047146419964,,0.0034243613160227604
dataflow,ESTAT:DS-059331(1.0),International trade of EU and non-EU countries  since 2002 by SITC,M,Monthly,LV,Latvia,INT_EU27_2020,Intra-EU27 (from 2020),TOTAL,TOTAL,2,EXPORT,VALUE_EUR,VALUE_EUR,2025-03,,0.003236847516558735,,0.003401047146419964
dataflow,ESTAT:DS-059331(1.0),International trade of EU and non-EU countries  since 2002 by SITC,M,Monthly,LV,Latvia,INT_EU27_2020,Intra-EU27 (from 2020),TOTAL,TOTAL,2,EXPORT,VALUE_EUR,VALUE_EUR,2025-04,,0.0034615165386769372,,0.003236847516558735
dataflow,ESTAT:DS-059331(1.0),International trade of EU and non-EU countries  since 2002 by SITC,M,Monthly,LV,Latvia,INT_EU27_2020,Intra-EU27 (from 2020),TOTAL,TOTAL,2,EXPORT,VALUE_EUR,VALUE_EUR,2025-05,,0.003189682147432733,,0.0034615165386769372
dataflow,ESTAT:DS-059331(1.0),International trade of EU and non-EU countries  since 2002 by SITC,M,Monthly,LV,Latvia,INT_EU27_2020,Intra-EU27 (from 2020),TOTAL,TOTAL,2,EXPORT,VALUE_EUR,VALUE_EUR,2025-06,,0.0029035719652538345,,0.003189682147432733
dataflow,ESTAT:DS-059331(1.0),International trade of EU and non-EU countries  since 2002 by SITC,M,Monthly,LV,Latvia,INT_EU27_2020,Intra-EU27 (from 2020),TOTAL,TOTAL,2,EXPORT,VALUE_EUR,VALUE_EUR,2025-07,,0.003046002862384692,,0.0029035719652538345
dataflow,ESTAT:DS-059331(1.0),International trade of EU and non-EU countries  since 2002 by SITC,M,Monthly,LV,Latvia,INT_EU27_2020,Intra-EU27 (from 2020),TOTAL,TOTAL,2,EXPORT,VALUE_EUR,VALUE_EUR,2025-08,,0.026879739159748714,,0.003046002862384692
dataflow,ESTAT:DS-059331(1.0),International trade of EU and non-EU countries  since 2002 by SITC,M,Monthly,MT,Malta,INT_EU27_2020,Intra-EU27 (from 2020),TOTAL,TOTAL,2,EXPORT,VALUE_EUR,VALUE_EUR,2024-11,,0.0004283403864702772,,
dataflow,ESTAT:DS-059331(1.0),International trade of EU and non-EU countries  since 2002 by SITC,M,Monthly,MT,Malta,INT_EU27_2020,Intra-EU27 (from 2020),TOTAL,TOTAL,2,EXPORT,VALUE_EUR,VALUE_EUR,2024-12,,0.0004350708243997807,,0.0004283403864702772
dataflow,ESTAT:DS-059331(1.0),International trade of EU and non-EU countries  since 2002 by SITC,M,Monthly,MT,Malta,INT_EU27_2020,Intra-EU27 (from 2020),TOTAL,TOTAL,2,EXPORT,VALUE_EUR,VALUE_EUR,2025-01,,0.00032556971133467703,,0.0004350708243997807
dataflow,ESTAT:DS-059331(1.0),International trade of EU and non-EU countries  since 2002 by SITC,M,Monthly,MT,Malta,INT_EU27_2020,Intra-EU27 (from 2020),TOTAL,TOTAL,2,EXPORT,VALUE_EUR,VALUE_EUR,2025-02,,0.0004167835029519359,,0.00032556971133467703
dataflow,ESTAT:DS-059331(1.0),International trade of EU and non-EU countries  since 2002 by SITC,M,Monthly,MT,Malta,INT_EU27_2020,Intra-EU27 (from 2020),TOTAL,TOTAL,2,EXPORT,VALUE_EUR,VALUE_EUR,2025-03,,0.0004100397301937932,,0.0004167835029519359
dataflow,ESTAT:DS-059331(1.0),International trade of EU and non-EU countries  since 2002 by SITC,M,Monthly,MT,Malta,INT_EU27_2020,Intra-EU27 (from 2020),TOTAL,TOTAL,2,EXPORT,VALUE_EUR,VALUE_EUR,2025-04,,0.0003258478095135935,,0.0004100397301937932
dataflow,ESTAT:DS-059331(1.0),International trade of EU and non-EU countries  since 2002 by SITC,M,Monthly,MT,Malta,INT_EU27_2020,Intra-EU27 (from 2020),TOTAL,TOTAL,2,EXPORT,VALUE_EUR,VALUE_EUR,2025-05,,0.00037433027930734513,,0.0003258478095135935
dataflow,ESTAT:DS-059331(1.0),International trade of EU and non-EU countries  since 2002 by SITC,M,Monthly,MT,Malta,INT_EU27_2020,Intra-EU27 (from 2020),TOTAL,TOTAL,2,EXPORT,VALUE_EUR,VALUE_EUR,2025-06,,0.0003643659579485324,,0.00037433027930734513
dataflow,ESTAT:DS-059331(1.0),International trade of EU and non-EU countries  since 2002 by SITC,M,Monthly,MT,Malta,INT_EU27_2020,Intra-EU27 (from 2020),TOTAL,TOTAL,2,EXPORT,VALUE_EUR,VALUE_EUR,2025-07,,0.0003951930432552781,,0.0003643659579485324
dataflow,ESTAT:DS-059331(1.0),International trade of EU and non-EU countries  since 2002 by SITC,M,Monthly,NL,Netherlands,INT_EU27_2020,Intra-EU27 (from 2020),TOTAL,TOTAL,2,EXPORT,VALUE_EUR,VALUE_EUR,2024-11,,0.15056590873953055,,
dataflow,ESTAT:DS-059331(1.0),International trade of EU and non-EU countries  since 2002 by SITC,M,Monthly,NL,Netherlands,INT_EU27_2020,Intra-EU27 (from 2020),TOTAL,TOTAL,2,EXPORT,VALUE_EUR,VALUE_EUR,2024-12,,0.15664022168128175,,0.15056590873953055
dataflow,ESTAT:DS-059331(1.0),International trade of EU and non-EU countries  since 2002 by SITC,M,Monthly,NL,Netherlands,INT_EU27_2020,Intra-EU27 (from 2020),TOTAL,TOTAL,2,EXPORT,VALUE_EUR,VALUE_EUR,2025-01,,0.1500203592506889,,0.15664022168128175
dataflow,ESTAT:DS-059331(1.0),International trade of EU and non-EU countries  since 2002 by SITC,M,Monthly,NL,Netherlands,INT_EU27_2020,Intra-EU27 (from 2020),TOTAL,TOTAL,2,EXPORT,VALUE_EUR,VALUE_EUR,2025-02,,0.14367314309182022,,0.1500203592506889
dataflow,ESTAT:DS-059331(1.0),International trade of EU and non-EU countries  since 2002 by SITC,M,Monthly,NL,Netherlands,INT_EU27_2020,Intra-EU27 (from 2020),TOTAL,TOTAL,2,EXPORT,VALUE_EUR,VALUE_EUR,2025-03,,0.1453274420961483,,0.14367314309182022
dataflow,ESTAT:DS-059331(1.0),International trade of EU and non-EU countries  since 2002 by SITC,M,Monthly,NL,Netherlands,INT_EU27_2020,Intra-EU27 (from 2020),TOTAL,TOTAL,2,EXPORT,VALUE_EUR,VALUE_EUR,2025-04,,0.1459800352996247,,0.1453274420961483
dataflow,ESTAT:DS-059331(1.0),International trade of EU and non-EU countries  since 2002 by SITC,M,Monthly,NL,Netherlands,INT_EU27_2020,Intra-EU27 (from 2020),TOTAL,TOTAL,2,EXPORT,VALUE_EUR,VALUE_EUR,2025-05,,0.1424248982042925,,0.1459800352996247
dataflow,ESTAT:DS-059331(1.0),International trade of EU and non-EU countries  since 2002 by SITC,M,Monthly,NL,Netherlands,INT_EU27_2020,Intra-EU27 (from 2020),TOTAL,TOTAL,2,EXPORT,VALUE_EUR,VALUE_EUR,2025-06,,0.14114409033834163,,0.1424248982042925
dataflow,ESTAT:DS-059331(1.0),International trade of EU and non-EU countries  since 2002 by SITC,M,Monthly,NL,Netherlands,INT_EU27_2020,Intra-EU27 (from 2020),TOTAL,TOTAL,2,EXPORT,VALUE_EUR,VALUE_EUR,2025-07,,0.1422071440260569,,0.14114409033834163
dataflow,ESTAT:DS-059331(1.0),International trade of EU and non-EU countries  since 2002 by SITC,M,Monthly,PL,Poland,INT_EU27_2020,Intra-EU27 (from 2020),TOTAL,TOTAL,2,EXPORT,VALUE_EUR,VALUE_EUR,2024-11,,0.06581129588910767,,
dataflow,ESTAT:DS-059331(1.0),International trade of EU and non-EU countries  since 2002 by SITC,M,Monthly,PL,Poland,INT_EU27_2020,Intra-EU27 (from 2020),TOTAL,TOTAL,2,EXPORT,VALUE_EUR,VALUE_EUR,2024-12,,0.06111686783918967,,0.06581129588910767
dataflow,ESTAT:DS-059331(1.0),International trade of EU and non-EU countries  since 2002 by SITC,M,Monthly,PL,Poland,INT_EU27_2020,Intra-EU27 (from 2020),TOTAL,TOTAL,2,EXPORT,VALUE_EUR,VALUE_EUR,2025-01,,0.0655062622797466,,0.06111686783918967
dataflow,ESTAT:DS-059331(1.0),International trade of EU and non-EU countries  since 2002 by SITC,M,Monthly,PL,Poland,INT_EU27_2020,Intra-EU27 (from 2020),TOTAL,TOTAL,2,EXPORT,VALUE_EUR,VALUE_EUR,2025-02,,0.06420406000665962,,0.0655062622797466
dataflow,ESTAT:DS-059331(1.0),International trade of EU and non-EU countries  since 2002 by SITC,M,Monthly,PL,Poland,INT_EU27_2020,Intra-EU27 (from 2020),TOTAL,TOTAL,2,EXPORT,VALUE_EUR,VALUE_EUR,2025-03,,0.06519684065794643,,0.06420406000665962
dataflow,ESTAT:DS-059331(1.0),International trade of EU and non-EU countries  since 2002 by SITC,M,Monthly,PL,Poland,INT_EU27_2020,Intra-EU27 (from 2020),TOTAL,TOTAL,2,EXPORT,VALUE_EUR,VALUE_EUR,2025-04,,0.06542648153897435,,0.06519684065794643
dataflow,ESTAT:DS-059331(1.0),International trade of EU and non-EU countries  since 2002 by SITC,M,Monthly,PL,Poland,INT_EU27_2020,Intra-EU27 (from 2020),TOTAL,TOTAL,2,EXPORT,VALUE_EUR,VALUE_EUR,2025-05,,0.06511263918572181,,0.06542648153897435
dataflow,ESTAT:DS-059331(1.0),International trade of EU and non-EU countries  since 2002 by SITC,M,Monthly,PL,Poland,INT_EU27_2020,Intra-EU27 (from 2020),TOTAL,TOTAL,2,EXPORT,VALUE_EUR,VALUE_EUR,2025-06,,0.06415336048384904,,0.06511263918572181
dataflow,ESTAT:DS-059331(1.0),International trade of EU and non-EU countries  since 2002 by SITC,M,Monthly,PL,Poland,INT_EU27_2020,Intra-EU27 (from 2020),TOTAL,TOTAL,2,EXPORT,VALUE_EUR,VALUE_EUR,2025-07,,0.06306751648580775,,0.06415336048384904
dataflow,ESTAT:DS-059331(1.0),International trade of EU and non-EU countries  since 2002 by SITC,M,Monthly,PT,Portugal,INT_EU27_2020,Intra-EU27 (from 2020),TOTAL,TOTAL,2,EXPORT,VALUE_EUR,VALUE_EUR,2024-11,,0.01424306472089726,,
dataflow,ESTAT:DS-059331(1.0),International trade of EU and non-EU countries  since 2002 by SITC,M,Monthly,PT,Portugal,INT_EU27_2020,Intra-EU27 (from 2020),TOTAL,TOTAL,2,EXPORT,VALUE_EUR,VALUE_EUR,2024-12,,0.013342289416665784,,0.01424306472089726
dataflow,ESTAT:DS-059331(1.0),International trade of EU and non-EU countries  since 2002 by SITC,M,Monthly,PT,Portugal,INT_EU27_2020,Intra-EU27 (from 2020),TOTAL,TOTAL,2,EXPORT,VALUE_EUR,VALUE_EUR,2025-01,,0.015560986062556273,,0.013342289416665784
dataflow,ESTAT:DS-059331(1.0),International trade of EU and non-EU countries  since 2002 by SITC,M,Monthly,PT,Portugal,INT_EU27_2020,Intra-EU27 (from 2020),TOTAL,TOTAL,2,EXPORT,VALUE_EUR,VALUE_EUR,2025-02,,0.015754604488642587,,0.015560986062556273
dataflow,ESTAT:DS-059331(1.0),International trade of EU and non-EU countries  since 2002 by SITC,M,Monthly,PT,Portugal,INT_EU27_2020,Intra-EU27 (from 2020),TOTAL,TOTAL,2,EXPORT,VALUE_EUR,VALUE_EUR,2025-03,,0.013248864982968064,,0.015754604488642587
dataflow,ESTAT:DS-059331(1.0),International trade of EU and non-EU countries  since 2002 by SITC,M,Monthly,PT,Portugal,INT_EU27_2020,Intra-EU27 (from 2020),TOTAL,TOTAL,2,EXPORT,VALUE_EUR,VALUE_EUR,2025-04,,0.013259778340298943,,0.013248864982968064
dataflow,ESTAT:DS-059331(1.0),International trade of EU and non-EU countries  since 2002 by SITC,M,Monthly,PT,Portugal,INT_EU27_2020,Intra-EU27 (from 2020),TOTAL,TOTAL,2,EXPORT,VALUE_EUR,VALUE_EUR,2025-05,,0.01458154812638438,,0.013259778340298943
dataflow,ESTAT:DS-059331(1.0),International trade of EU and non-EU countries  since 2002 by SITC,M,Monthly,PT,Portugal,INT_EU27_2020,Intra-EU27 (from 2020),TOTAL,TOTAL,2,EXPORT,VALUE_EUR,VALUE_EUR,2025-06,,0.013802025857498,,0.01458154812638438
dataflow,ESTAT:DS-059331(1.0),International trade of EU and non-EU countries  since 2002 by SITC,M,Monthly,PT,Portugal,INT_EU27_2020,Intra-EU27 (from 2020),TOTAL,TOTAL,2,EXPORT,VALUE_EUR,VALUE_EUR,2025-07,,0.014155153762155035,,0.013802025857498
dataflow,ESTAT:DS-059331(1.0),International trade of EU and non-EU countries  since 2002 by SITC,M,Monthly,PT,Portugal,INT_EU27_2020,Intra-EU27 (from 2020),TOTAL,TOTAL,2,EXPORT,VALUE_EUR,VALUE_EUR,2025-08,,0.08453796198798516,,0.014155153762155035
dataflow,ESTAT:DS-059331(1.0),International trade of EU and non-EU countries  since 2002 by SITC,M,Monthly,RO,Romania,INT_EU27_2020,Intra-EU27 (from 2020),TOTAL,TOTAL,2,EXPORT,VALUE_EUR,VALUE_EUR,2024-11,,0.01753175741034807,,
dataflow,ESTAT:DS-059331(1.0),International trade of EU and non-EU countries  since 2002 by SITC,M,Monthly,RO,Romania,INT_EU27_2020,Intra-EU27 (from 2020),TOTAL,TOTAL,2,EXPORT,VALUE_EUR,VALUE_EUR,2024-12,,0.014840538229905853,,0.01753175741034807
dataflow,ESTAT:DS-059331(1.0),International trade of EU and non-EU countries  since 2002 by SITC,M,Monthly,RO,Romania,INT_EU27_2020,Intra-EU27 (from 2020),TOTAL,TOTAL,2,EXPORT,VALUE_EUR,VALUE_EUR,2025-01,,0.01513452524417182,,0.014840538229905853
dataflow,ESTAT:DS-059331(1.0),International trade of EU and non-EU countries  since 2002 by SITC,M,Monthly,RO,Romania,INT_EU27_2020,Intra-EU27 (from 2020),TOTAL,TOTAL,2,EXPORT,VALUE_EUR,VALUE_EUR,2025-02,,0.016343540836666323,,0.01513452524417182
dataflow,ESTAT:DS-059331(1.0),International trade of EU and non-EU countries  since 2002 by SITC,M,Monthly,RO,Romania,INT_EU27_2020,Intra-EU27 (from 2020),TOTAL,TOTAL,2,EXPORT,VALUE_EUR,VALUE_EUR,2025-03,,0.016757290245100965,,0.016343540836666323
dataflow,ESTAT:DS-059331(1.0),International trade of EU and non-EU countries  since 2002 by SITC,M,Monthly,RO,Romania,INT_EU27_2020,Intra-EU27 (from 2020),TOTAL,TOTAL,2,EXPORT,VALUE_EUR,VALUE_EUR,2025-04,,0.01633732614924389,,0.016757290245100965
dataflow,ESTAT:DS-059331(1.0),International trade of EU and non-EU countries  since 2002 by SITC,M,Monthly,RO,Romania,INT_EU27_2020,Intra-EU27 (from 2020),TOTAL,TOTAL,2,EXPORT,VALUE_EUR,VALUE_EUR,2025-05,,0.016970695685349705,,0.01633732614924389
dataflow,ESTAT:DS-059331(1.0),International trade of EU and non-EU countries  since 2002 by SITC,M,Monthly,RO,Romania,INT_EU27_2020,Intra-EU27 (from 2020),TOTAL,TOTAL,2,EXPORT,VALUE_EUR,VALUE_EUR,2025-06,,0.017098557360769893,,0.016970695685349705
dataflow,ESTAT:DS-059331(1.0),International trade of EU and non-EU countries  since 2002 by SITC,M,Monthly,RO,Romania,INT_EU27_2020,Intra-EU27 (from 2020),TOTAL,TOTAL,2,EXPORT,VALUE_EUR,VALUE_EUR,2025-07,,0.018319556191355047,,0.017098557360769893
dataflow,ESTAT:DS-059331(1.0),International trade of EU and non-EU countries  since 2002 by SITC,M,Monthly,SE,Sweden,INT_EU27_2020,Intra-EU27 (from 2020),TOTAL,TOTAL,2,EXPORT,VALUE_EUR,VALUE_EUR,2024-11,,0.025756244244375198,,
dataflow,ESTAT:DS-059331(1.0),International trade of EU and non-EU countries  since 2002 by SITC,M,Monthly,SE,Sweden,INT_EU27_2020,Intra-EU27 (from 2020),TOTAL,TOTAL,2,EXPORT,VALUE_EUR,VALUE_EUR,2024-12,,0.024546072970357352,,0.025756244244375198
dataflow,ESTAT:DS-059331(1.0),International trade of EU and non-EU countries  since 2002 by SITC,M,Monthly,SE,Sweden,INT_EU27_2020,Intra-EU27 (from 2020),TOTAL,TOTAL,2,EXPORT,VALUE_EUR,VALUE_EUR,2025-01,,0.024732876087405167,,0.024546072970357352
dataflow,ESTAT:DS-059331(1.0),International trade of EU and non-EU countries  since 2002 by SITC,M,Monthly,SE,Sweden,INT_EU27_2020,Intra-EU27 (from 2020),TOTAL,TOTAL,2,EXPORT,VALUE_EUR,VALUE_EUR,2025-02,,0.024692010157617125,,0.024732876087405167
dataflow,ESTAT:DS-059331(1.0),International trade of EU and non-EU countries  since 2002 by SITC,M,Monthly,SE,Sweden,INT_EU27_2020,Intra-EU27 (from 2020),TOTAL,TOTAL,2,EXPORT,VALUE_EUR,VALUE_EUR,2025-03,,0.024981537455500347,,0.024692010157617125
dataflow,ESTAT:DS-059331(1.0),International trade of EU and non-EU countries  since 2002 by SITC,M,Monthly,SE,Sweden,INT_EU27_2020,Intra-EU27 (from 2020),TOTAL,TOTAL,2,EXPORT,VALUE_EUR,VALUE_EUR,2025-04,,0.02423808640791211,,0.024981537455500347
dataflow,ESTAT:DS-059331(1.0),International trade of EU and non-EU countries  since 2002 by SITC,M,Monthly,SE,Sweden,INT_EU27_2020,Intra-EU27 (from 2020),TOTAL,TOTAL,2,EXPORT,VALUE_EUR,VALUE_EUR,2025-05,,0.024555275147307706,,0.02423808640791211
dataflow,ESTAT:DS-059331(1.0),International trade of EU and non-EU countries  since 2002 by SITC,M,Monthly,SE,Sweden,INT_EU27_2020,Intra-EU27 (from 2020),TOTAL,TOTAL,2,EXPORT,VALUE_EUR,VALUE_EUR,2025-06,,0.024810602263584954,,0.024555275147307706
dataflow,ESTAT:DS-059331(1.0),International trade of EU and non-EU countries  since 2002 by SITC,M,Monthly,SE,Sweden,INT_EU27_2020,Intra-EU27 (from 2020),TOTAL,TOTAL,2,EXPORT,VALUE_EUR,VALUE_EUR,2025-07,,0.019524943231548082,,0.024810602263584954
dataflow,ESTAT:DS-059331(1.0),International trade of EU and non-EU countries  since 2002 by SITC,M,Monthly,SI,Slovenia,INT_EU27_2020,Intra-EU27 (from 2020),TOTAL,TOTAL,2,EXPORT,VALUE_EUR,VALUE_EUR,2024-11,,0.010310558959836121,,
dataflow,ESTAT:DS-059331(1.0),International trade of EU and non-EU countries  since 2002 by SITC,M,Monthly,SI,Slovenia,INT_EU27_2020,Intra-EU27 (from 2020),TOTAL,TOTAL,2,EXPORT,VALUE_EUR,VALUE_EUR,2024-12,,0.01073314591669578,,0.010310558959836121
dataflow,ESTAT:DS-059331(1.0),International trade of EU and non-EU countries  since 2002 by SITC,M,Monthly,SI,Slovenia,INT_EU27_2020,Intra-EU27 (from 2020),TOTAL,TOTAL,2,EXPORT,VALUE_EUR,VALUE_EUR,2025-01,,0.009991625330083754,,0.01073314591669578
dataflow,ESTAT:DS-059331(1.0),International trade of EU and non-EU countries  since 2002 by SITC,M,Monthly,SI,Slovenia,INT_EU27_2020,Intra-EU27 (from 2020),TOTAL,TOTAL,2,EXPORT,VALUE_EUR,VALUE_EUR,2025-02,,0.01013582610061546,,0.009991625330083754
dataflow,ESTAT:DS-059331(1.0),International trade of EU and non-EU countries  since 2002 by SITC,M,Monthly,SI,Slovenia,INT_EU27_2020,Intra-EU27 (from 2020),TOTAL,TOTAL,2,EXPORT,VALUE_EUR,VALUE_EUR,2025-03,,0.010415868801398123,,0.01013582610061546
dataflow,ESTAT:DS-059331(1.0),International trade of EU and non-EU countries  since 2002 by SITC,M,Monthly,SI,Slovenia,INT_EU27_2020,Intra-EU27 (from 2020),TOTAL,TOTAL,2,EXPORT,VALUE_EUR,VALUE_EUR,2025-04,,0.010265865755137582,,0.010415868801398123
dataflow,ESTAT:DS-059331(1.0),International trade of EU and non-EU countries  since 2002 by SITC,M,Monthly,SI,Slovenia,INT_EU27_2020,Intra-EU27 (from 2020),TOTAL,TOTAL,2,EXPORT,VALUE_EUR,VALUE_EUR,2025-05,,0.009828361348909452,,0.010265865755137582
dataflow,ESTAT:DS-059331(1.0),International trade of EU and non-EU countries  since 2002 by SITC,M,Monthly,SI,Slovenia,INT_EU27_2020,Intra-EU27 (from 2020),TOTAL,TOTAL,2,EXPORT,VALUE_EUR,VALUE_EUR,2025-06,,0.01041204712969922,,0.009828361348909452
dataflow,ESTAT:DS-059331(1.0),International trade of EU and non-EU countries  since 2002 by SITC,M,Monthly,SI,Slovenia,INT_EU27_2020,Intra-EU27 (from 2020),TOTAL,TOTAL,2,EXPORT,VALUE_EUR,VALUE_EUR,2025-07,,0.010639018601883996,,0.01041204712969922
dataflow,ESTAT:DS-059331(1.0),International trade of EU and non-EU countries  since 2002 by SITC,M,Monthly,SK,Slovakia,INT_EU27_2020,Intra-EU27 (from 2020),TOTAL,TOTAL,2,EXPORT,VALUE_EUR,VALUE_EUR,2024-11,,0.02180656404971713,,
dataflow,ESTAT:DS-059331(1.0),International trade of EU and non-EU countries  since 2002 by SITC,M,Monthly,SK,Slovakia,INT_EU27_2020,Intra-EU27 (from 2020),TOTAL,TOTAL,2,EXPORT,VALUE_EUR,VALUE_EUR,2024-12,,0.01970151112625746,,0.02180656404971713
dataflow,ESTAT:DS-059331(1.0),International trade of EU and non-EU countries  since 2002 by SITC,M,Monthly,SK,Slovakia,INT_EU27_2020,Intra-EU27 (from 2020),TOTAL,TOTAL,2,EXPORT,VALUE_EUR,VALUE_EUR,2025-01,,0.019835880128516163,,0.01970151112625746
dataflow,ESTAT:DS-059331(1.0),International trade of EU and non-EU countries  since 2002 by SITC,M,Monthly,SK,Slovakia,INT_EU27_2020,Intra-EU27 (from 2020),TOTAL,TOTAL,2,EXPORT,VALUE_EUR,VALUE_EUR,2025-02,,0.02142604175478799,,0.019835880128516163
dataflow,ESTAT:DS-059331(1.0),International trade of EU and non-EU countries  since 2002 by SITC,M,Monthly,SK,Slovakia,INT_EU27_2020,Intra-EU27 (from 2020),TOTAL,TOTAL,2,EXPORT,VALUE_EUR,VALUE_EUR,2025-03,,0.02101257625929931,,0.02142604175478799
dataflow,ESTAT:DS-059331(1.0),International trade of EU and non-EU countries  since 2002 by SITC,M,Monthly,SK,Slovakia,INT_EU27_2020,Intra-EU27 (from 2020),TOTAL,TOTAL,2,EXPORT,VALUE_EUR,VALUE_EUR,2025-04,,0.02041159795943449,,0.02101257625929931
dataflow,ESTAT:DS-059331(1.0),International trade of EU and non-EU countries  since 2002 by SITC,M,Monthly,SK,Slovakia,INT_EU27_2020,Intra-EU27 (from 2020),TOTAL,TOTAL,2,EXPORT,VALUE_EUR,VALUE_EUR,2025-05,,0.02104304582492252,,0.02041159795943449
dataflow,ESTAT:DS-059331(1.0),International trade of EU and non-EU countries  since 2002 by SITC,M,Monthly,SK,Slovakia,INT_EU27_2020,Intra-EU27 (from 2020),TOTAL,TOTAL,2,EXPORT,VALUE_EUR,VALUE_EUR,2025-06,,0.020635915263601312,,0.02104304582492252
dataflow,ESTAT:DS-059331(1.0),International trade of EU and non-EU countries  since 2002 by SITC,M,Monthly,SK,Slovakia,INT_EU27_2020,Intra-EU27 (from 2020),TOTAL,TOTAL,2,EXPORT,VALUE_EUR,VALUE_EUR,2025-07,,0.019192332203894203,,0.020635915263601312
